id,phone,name,email,created_at
cust-001,090-2000-0001,佐々木 美咲,sasaki.misaki@email.jp,2024-01-15 10:30:00
cust-002,090-2000-0002,木村 健太,kimura.kenta@email.jp,2024-01-20 14:45:00
cust-003,090-2000-0003,山本 真由美,yamamoto.mayumi@email.jp,2024-02-01 11:20:00
cust-004,090-2000-0004,井上 大輔,inoue.daisuke@email.jp,2024-02-05 18:00:00
cust-005,090-2000-0005,林 さくら,hayashi.sakura@email.jp,2024-02-10 12:30:00
cust-006,090-2000-0006,清水 翔太,shimizu.shota@email.jp,2024-02-15 19:15:00
cust-007,090-2000-0007,松本 愛,matsumoto.ai@email.jp,2024-02-20 17:00:00
cust-008,090-2000-0008,森田 一郎,morita.ichiro@email.jp,2024-03-01 13:45:00
cust-009,090-2000-0009,小川 花子,ogawa.hanako@email.jp,2024-03-05 16:30:00
cust-010,090-2000-0010,藤田 太郎,fujita.taro@email.jp,2024-03-10 11:00:00
cust-011,090-2000-0011,岡田 美優,okada.miyu@email.jp,2024-03-15 20:00:00
cust-012,090-2000-0012,後藤 康平,goto.kohei@email.jp,2024-03-20 15:30:00
cust-013,090-2000-0013,坂本 結衣,sakamoto.yui@email.jp,2024-03-25 12:00:00
cust-014,090-2000-0014,長谷川 誠,hasegawa.makoto@email.jp,2024-04-01 18:45:00
cust-015,090-2000-0015,石井 彩乃,ishii.ayano@email.jp,2024-04-05 14:15:00
cust-016,090-2000-0016,前田 隆太,maeda.ryuta@email.jp,2024-04-10 19:30:00
cust-017,090-2000-0017,藤井 美穂,fujii.miho@email.jp,2024-04-15 11:45:00
cust-018,090-2000-0018,村上 浩二,murakami.koji@email.jp,2024-04-20 16:00:00
cust-019,090-2000-0019,太田 麻衣,ota.mai@email.jp,2024-04-25 13:30:00
cust-020,090-2000-0020,金子 拓海,kaneko.takumi@email.jp,2024-05-01 17:15:00
cust-021,090-2000-0021,中島 優子,nakajima.yuko@email.jp,2024-05-05 10:00:00
cust-022,090-2000-0022,原田 直樹,harada.naoki@email.jp,2024-05-10 14:30:00
cust-023,090-2000-0023,小野 千尋,ono.chihiro@email.jp,2024-05-15 19:00:00
cust-024,090-2000-0024,竹内 勇気,takeuchi.yuki@email.jp,2024-05-20 12:45:00
cust-025,090-2000-0025,宮崎 葵,miyazaki.aoi@email.jp,2024-05-25 15:15:00
cust-026,090-2000-0026,近藤 雄大,kondo.yudai@email.jp,2024-06-01 18:30:00
cust-027,090-2000-0027,石川 美月,ishikawa.mizuki@email.jp,2024-06-05 11:00:00
cust-028,090-2000-0028,斎藤 蓮,saito.ren@email.jp,2024-06-10 16:45:00
cust-029,090-2000-0029,上野 七海,ueno.nanami@email.jp,2024-06-15 13:15:00
cust-030,090-2000-0030,横山 悠人,yokoyama.yuto@email.jp,2024-06-20 17:30:00
cust-031,090-2000-0031,大野 凛,ono.rin@email.jp,2024-06-25 10:45:00
cust-032,090-2000-0032,吉村 颯太,yoshimura.sota@email.jp,2024-07-01 14:00:00
cust-033,090-2000-0033,池田 陽菜,ikeda.hina@email.jp,2024-07-05 19:15:00
cust-034,090-2000-0034,福田 樹,fukuda.itsuki@email.jp,2024-07-10 12:30:00
cust-035,090-2000-0035,西村 楓,nishimura.kaede@email.jp,2024-07-15 15:45:00
cust-036,090-2000-0036,山口 海斗,yamaguchi.kaito@email.jp,2024-07-20 18:00:00
cust-037,090-2000-0037,中川 心春,nakagawa.koharu@email.jp,2024-07-25 11:15:00
cust-038,090-2000-0038,野村 陸,nomura.riku@email.jp,2024-08-01 16:30:00
cust-039,090-2000-0039,松田 美桜,matsuda.mio@email.jp,2024-08-05 13:45:00
cust-040,090-2000-0040,菊池 大翔,kikuchi.hiroto@email.jp,2024-08-10 17:00:00
cust-041,090-2000-0041,和田 莉子,wada.riko@email.jp,2024-08-15 10:30:00
cust-042,090-2000-0042,久保 湊,kubo.minato@email.jp,2024-08-20 14:45:00
cust-043,090-2000-0043,増田 紬,masuda.tsumugi@email.jp,2024-08-25 19:00:00
cust-044,090-2000-0044,河野 朝陽,kawano.asahi@email.jp,2024-09-01 12:15:00
cust-045,090-2000-0045,杉山 芽依,sugiyama.mei@email.jp,2024-09-05 15:30:00
cust-046,090-2000-0046,内田 悠真,uchida.yuma@email.jp,2024-09-10 18:45:00
cust-047,090-2000-0047,永井 柚葉,nagai.yuzuha@email.jp,2024-09-15 11:00:00
cust-048,090-2000-0048,今井 奏太,imai.sota@email.jp,2024-09-20 16:15:00
cust-049,090-2000-0049,小島 璃子,kojima.riko@email.jp,2024-09-25 13:30:00
cust-050,090-2000-0050,浅野 律,asano.ritsu@email.jp,2024-10-01 17:45:00
cust-051,090-2000-0051,千葉 結菜,chiba.yuna@email.jp,2024-10-05 10:00:00
cust-052,090-2000-0052,荒木 陽向,araki.hinata@email.jp,2024-10-10 14:15:00
cust-053,090-2000-0053,水野 咲良,mizuno.sakura@email.jp,2024-10-15 19:30:00
cust-054,090-2000-0054,古川 蒼,furukawa.ao@email.jp,2024-10-20 12:45:00
cust-055,090-2000-0055,岩田 彩葉,iwata.iroha@email.jp,2024-10-25 16:00:00
cust-056,090-2000-0056,服部 暖,hattori.dan@email.jp,2024-11-01 18:15:00
cust-057,090-2000-0057,本田 凪,honda.nagi@email.jp,2024-11-05 11:30:00
cust-058,090-2000-0058,平野 晴翔,hirano.haruto@email.jp,2024-11-10 15:45:00
cust-059,090-2000-0059,飯田 詩,iida.uta@email.jp,2024-11-15 13:00:00
cust-060,090-2000-0060,三浦 瑛太,miura.eita@email.jp,2024-11-20 17:15:00
cust-061,090-2000-0061,川崎 杏,kawasaki.an@email.jp,2024-11-25 10:30:00
cust-062,090-2000-0062,田村 碧,tamura.ao@email.jp,2024-12-01 14:45:00
cust-063,090-2000-0063,工藤 琴音,kudo.kotone@email.jp,2024-12-05 19:00:00
cust-064,090-2000-0064,北村 湊斗,kitamura.minato@email.jp,2024-12-10 12:15:00
cust-065,090-2000-0065,平田 芽生,hirata.mei@email.jp,2024-12-15 15:30:00
cust-066,090-2000-0066,安藤 蓮斗,ando.rento@email.jp,2024-12-20 18:45:00
cust-067,090-2000-0067,宮本 陽葵,miyamoto.himari@email.jp,2024-12-25 11:00:00
cust-068,090-2000-0068,堀 颯真,hori.soma@email.jp,2025-01-05 16:15:00
cust-069,090-2000-0069,大塚 柚希,otsuka.yuzuki@email.jp,2025-01-10 13:30:00
cust-070,090-2000-0070,谷口 陽太,taniguchi.yota@email.jp,2025-01-15 17:45:00
cust-071,090-2000-0071,秋山 美羽,akiyama.miu@email.jp,2025-01-20 10:00:00
cust-072,090-2000-0072,新井 陽翔,arai.haruto@email.jp,2025-01-25 14:15:00
cust-073,090-2000-0073,栗原 柊花,kurihara.toka@email.jp,2025-02-01 19:30:00
cust-074,090-2000-0074,松井 海翔,matsui.kaito@email.jp,2025-02-05 12:45:00
cust-075,090-2000-0075,青木 桃花,aoki.momoka@email.jp,2025-02-10 16:00:00
cust-076,090-2000-0076,遠藤 悠斗,endo.yuto@email.jp,2025-02-15 18:15:00
cust-077,090-2000-0077,村田 日向,murata.hinata@email.jp,2025-02-20 11:30:00
cust-078,090-2000-0078,武田 奏,takeda.kanade@email.jp,2025-02-25 15:45:00
cust-079,090-2000-0079,杉本 心愛,sugimoto.kokoa@email.jp,2025-03-01 13:00:00
cust-080,090-2000-0080,野口 陽斗,noguchi.haruto@email.jp,2025-03-05 17:15:00
cust-081,090-2000-0081,川村 紗良,kawamura.sara@email.jp,2025-03-10 10:30:00
cust-082,090-2000-0082,関 悠人,seki.yuto@email.jp,2025-03-15 14:45:00
cust-083,090-2000-0083,吉川 彩羽,yoshikawa.iroha@email.jp,2025-03-20 19:00:00
cust-084,090-2000-0084,佐野 航平,sano.kohei@email.jp,2025-03-25 12:15:00
cust-085,090-2000-0085,福島 楓花,fukushima.fuka@email.jp,2025-04-01 15:30:00
cust-086,090-2000-0086,片山 翔,katayama.sho@email.jp,2025-04-05 18:45:00
cust-087,090-2000-0087,中野 凛花,nakano.rinka@email.jp,2025-04-10 11:00:00
cust-088,090-2000-0088,土屋 奏汰,tsuchiya.kanata@email.jp,2025-04-15 16:15:00
cust-089,090-2000-0089,菅原 美月,sugawara.mizuki@email.jp,2025-04-20 13:30:00
cust-090,090-2000-0090,岩崎 蒼空,iwasaki.sora@email.jp,2025-04-25 17:45:00
cust-091,090-2000-0091,須藤 結月,sudo.yuzuki@email.jp,2025-05-01 10:00:00
cust-092,090-2000-0092,馬場 晴,baba.haru@email.jp,2025-05-05 14:15:00
cust-093,090-2000-0093,小山 澪,koyama.mio@email.jp,2025-05-10 19:30:00
cust-094,090-2000-0094,石田 大和,ishida.yamato@email.jp,2025-05-15 12:45:00
cust-095,090-2000-0095,尾崎 一花,ozaki.ichika@email.jp,2025-05-20 16:00:00
cust-096,090-2000-0096,星野 湊太,hoshino.sota@email.jp,2025-05-25 18:15:00
cust-097,090-2000-0097,大谷 紬希,otani.tsumuki@email.jp,2025-06-01 11:30:00
cust-098,090-2000-0098,望月 颯,mochizuki.hayate@email.jp,2025-06-05 15:45:00
cust-099,090-2000-0099,小松 凛,komatsu.rin@email.jp,2025-06-10 13:00:00
cust-100,090-2000-0100,丸山 大智,maruyama.daichi@email.jp,2025-06-15 17:15:00
